--
-- PostgreSQL database dump
--

\restrict J0Q3bl5iJrVGdHcAN1X0kB7QKt2UB6zsUGFahIfLadDV3v9y94X8QY7I8R7kRRG

-- Dumped from database version 18.1
-- Dumped by pg_dump version 18.0

-- Started on 2026-03-09 10:40:05

SET statement_timeout = 0;
SET lock_timeout = 0;
SET idle_in_transaction_session_timeout = 0;
SET transaction_timeout = 0;
SET client_encoding = 'UTF8';
SET standard_conforming_strings = on;
SELECT pg_catalog.set_config('search_path', '', false);
SET check_function_bodies = false;
SET xmloption = content;
SET client_min_messages = warning;
SET row_security = off;

SET default_tablespace = '';

SET default_table_access_method = heap;

--
-- TOC entry 226 (class 1259 OID 74955)
-- Name: auth_group; Type: TABLE; Schema: public; Owner: portfolio_user
--

CREATE TABLE public.auth_group (
    id integer NOT NULL,
    name character varying(150) NOT NULL
);


ALTER TABLE public.auth_group OWNER TO portfolio_user;

--
-- TOC entry 225 (class 1259 OID 74954)
-- Name: auth_group_id_seq; Type: SEQUENCE; Schema: public; Owner: portfolio_user
--

ALTER TABLE public.auth_group ALTER COLUMN id ADD GENERATED BY DEFAULT AS IDENTITY (
    SEQUENCE NAME public.auth_group_id_seq
    START WITH 1
    INCREMENT BY 1
    NO MINVALUE
    NO MAXVALUE
    CACHE 1
);


--
-- TOC entry 228 (class 1259 OID 74965)
-- Name: auth_group_permissions; Type: TABLE; Schema: public; Owner: portfolio_user
--

CREATE TABLE public.auth_group_permissions (
    id bigint NOT NULL,
    group_id integer NOT NULL,
    permission_id integer NOT NULL
);


ALTER TABLE public.auth_group_permissions OWNER TO portfolio_user;

--
-- TOC entry 227 (class 1259 OID 74964)
-- Name: auth_group_permissions_id_seq; Type: SEQUENCE; Schema: public; Owner: portfolio_user
--

ALTER TABLE public.auth_group_permissions ALTER COLUMN id ADD GENERATED BY DEFAULT AS IDENTITY (
    SEQUENCE NAME public.auth_group_permissions_id_seq
    START WITH 1
    INCREMENT BY 1
    NO MINVALUE
    NO MAXVALUE
    CACHE 1
);


--
-- TOC entry 224 (class 1259 OID 74945)
-- Name: auth_permission; Type: TABLE; Schema: public; Owner: portfolio_user
--

CREATE TABLE public.auth_permission (
    id integer NOT NULL,
    name character varying(255) NOT NULL,
    content_type_id integer NOT NULL,
    codename character varying(100) NOT NULL
);


ALTER TABLE public.auth_permission OWNER TO portfolio_user;

--
-- TOC entry 223 (class 1259 OID 74944)
-- Name: auth_permission_id_seq; Type: SEQUENCE; Schema: public; Owner: portfolio_user
--

ALTER TABLE public.auth_permission ALTER COLUMN id ADD GENERATED BY DEFAULT AS IDENTITY (
    SEQUENCE NAME public.auth_permission_id_seq
    START WITH 1
    INCREMENT BY 1
    NO MINVALUE
    NO MAXVALUE
    CACHE 1
);


--
-- TOC entry 230 (class 1259 OID 74974)
-- Name: auth_user; Type: TABLE; Schema: public; Owner: portfolio_user
--

CREATE TABLE public.auth_user (
    id integer NOT NULL,
    password character varying(128) NOT NULL,
    last_login timestamp with time zone,
    is_superuser boolean NOT NULL,
    username character varying(150) NOT NULL,
    first_name character varying(150) NOT NULL,
    last_name character varying(150) NOT NULL,
    email character varying(254) NOT NULL,
    is_staff boolean NOT NULL,
    is_active boolean NOT NULL,
    date_joined timestamp with time zone NOT NULL
);


ALTER TABLE public.auth_user OWNER TO portfolio_user;

--
-- TOC entry 232 (class 1259 OID 74993)
-- Name: auth_user_groups; Type: TABLE; Schema: public; Owner: portfolio_user
--

CREATE TABLE public.auth_user_groups (
    id bigint NOT NULL,
    user_id integer NOT NULL,
    group_id integer NOT NULL
);


ALTER TABLE public.auth_user_groups OWNER TO portfolio_user;

--
-- TOC entry 231 (class 1259 OID 74992)
-- Name: auth_user_groups_id_seq; Type: SEQUENCE; Schema: public; Owner: portfolio_user
--

ALTER TABLE public.auth_user_groups ALTER COLUMN id ADD GENERATED BY DEFAULT AS IDENTITY (
    SEQUENCE NAME public.auth_user_groups_id_seq
    START WITH 1
    INCREMENT BY 1
    NO MINVALUE
    NO MAXVALUE
    CACHE 1
);


--
-- TOC entry 229 (class 1259 OID 74973)
-- Name: auth_user_id_seq; Type: SEQUENCE; Schema: public; Owner: portfolio_user
--

ALTER TABLE public.auth_user ALTER COLUMN id ADD GENERATED BY DEFAULT AS IDENTITY (
    SEQUENCE NAME public.auth_user_id_seq
    START WITH 1
    INCREMENT BY 1
    NO MINVALUE
    NO MAXVALUE
    CACHE 1
);


--
-- TOC entry 234 (class 1259 OID 75002)
-- Name: auth_user_user_permissions; Type: TABLE; Schema: public; Owner: portfolio_user
--

CREATE TABLE public.auth_user_user_permissions (
    id bigint NOT NULL,
    user_id integer NOT NULL,
    permission_id integer NOT NULL
);


ALTER TABLE public.auth_user_user_permissions OWNER TO portfolio_user;

--
-- TOC entry 233 (class 1259 OID 75001)
-- Name: auth_user_user_permissions_id_seq; Type: SEQUENCE; Schema: public; Owner: portfolio_user
--

ALTER TABLE public.auth_user_user_permissions ALTER COLUMN id ADD GENERATED BY DEFAULT AS IDENTITY (
    SEQUENCE NAME public.auth_user_user_permissions_id_seq
    START WITH 1
    INCREMENT BY 1
    NO MINVALUE
    NO MAXVALUE
    CACHE 1
);


--
-- TOC entry 252 (class 1259 OID 75269)
-- Name: core_blogpost; Type: TABLE; Schema: public; Owner: portfolio_user
--

CREATE TABLE public.core_blogpost (
    id bigint NOT NULL,
    title character varying(200) NOT NULL,
    slug character varying(50) NOT NULL,
    date date NOT NULL,
    summary text NOT NULL,
    content text NOT NULL,
    image_url character varying(100)
);


ALTER TABLE public.core_blogpost OWNER TO portfolio_user;

--
-- TOC entry 251 (class 1259 OID 75268)
-- Name: core_blogpost_id_seq; Type: SEQUENCE; Schema: public; Owner: portfolio_user
--

ALTER TABLE public.core_blogpost ALTER COLUMN id ADD GENERATED BY DEFAULT AS IDENTITY (
    SEQUENCE NAME public.core_blogpost_id_seq
    START WITH 1
    INCREMENT BY 1
    NO MINVALUE
    NO MAXVALUE
    CACHE 1
);


--
-- TOC entry 238 (class 1259 OID 75120)
-- Name: core_certificate; Type: TABLE; Schema: public; Owner: portfolio_user
--

CREATE TABLE public.core_certificate (
    id bigint NOT NULL,
    title character varying(200) NOT NULL,
    issuer character varying(200) NOT NULL,
    date character varying(50) NOT NULL,
    category character varying(100) NOT NULL,
    image character varying(100),
    credential_link character varying(200) NOT NULL,
    description text NOT NULL
);


ALTER TABLE public.core_certificate OWNER TO portfolio_user;

--
-- TOC entry 237 (class 1259 OID 75119)
-- Name: core_certificate_id_seq; Type: SEQUENCE; Schema: public; Owner: portfolio_user
--

ALTER TABLE public.core_certificate ALTER COLUMN id ADD GENERATED BY DEFAULT AS IDENTITY (
    SEQUENCE NAME public.core_certificate_id_seq
    START WITH 1
    INCREMENT BY 1
    NO MINVALUE
    NO MAXVALUE
    CACHE 1
);


--
-- TOC entry 240 (class 1259 OID 75135)
-- Name: core_message; Type: TABLE; Schema: public; Owner: portfolio_user
--

CREATE TABLE public.core_message (
    id bigint NOT NULL,
    name character varying(100) NOT NULL,
    email character varying(254) NOT NULL,
    message text NOT NULL,
    date timestamp with time zone NOT NULL
);


ALTER TABLE public.core_message OWNER TO portfolio_user;

--
-- TOC entry 239 (class 1259 OID 75134)
-- Name: core_message_id_seq; Type: SEQUENCE; Schema: public; Owner: portfolio_user
--

ALTER TABLE public.core_message ALTER COLUMN id ADD GENERATED BY DEFAULT AS IDENTITY (
    SEQUENCE NAME public.core_message_id_seq
    START WITH 1
    INCREMENT BY 1
    NO MINVALUE
    NO MAXVALUE
    CACHE 1
);


--
-- TOC entry 261 (class 1259 OID 83126)
-- Name: core_portfolioanalytics; Type: TABLE; Schema: public; Owner: portfolio_user
--

CREATE TABLE public.core_portfolioanalytics (
    id bigint NOT NULL,
    total_views integer NOT NULL
);


ALTER TABLE public.core_portfolioanalytics OWNER TO portfolio_user;

--
-- TOC entry 260 (class 1259 OID 83125)
-- Name: core_portfolioanalytics_id_seq; Type: SEQUENCE; Schema: public; Owner: portfolio_user
--

ALTER TABLE public.core_portfolioanalytics ALTER COLUMN id ADD GENERATED BY DEFAULT AS IDENTITY (
    SEQUENCE NAME public.core_portfolioanalytics_id_seq
    START WITH 1
    INCREMENT BY 1
    NO MINVALUE
    NO MAXVALUE
    CACHE 1
);


--
-- TOC entry 242 (class 1259 OID 75148)
-- Name: core_profile; Type: TABLE; Schema: public; Owner: portfolio_user
--

CREATE TABLE public.core_profile (
    id bigint NOT NULL,
    name character varying(100) NOT NULL,
    title character varying(200) NOT NULL,
    description text NOT NULL,
    email character varying(254) NOT NULL,
    avatar character varying(100),
    experience text NOT NULL,
    introduction text NOT NULL,
    philosophy text NOT NULL
);


ALTER TABLE public.core_profile OWNER TO portfolio_user;

--
-- TOC entry 241 (class 1259 OID 75147)
-- Name: core_profile_id_seq; Type: SEQUENCE; Schema: public; Owner: portfolio_user
--

ALTER TABLE public.core_profile ALTER COLUMN id ADD GENERATED BY DEFAULT AS IDENTITY (
    SEQUENCE NAME public.core_profile_id_seq
    START WITH 1
    INCREMENT BY 1
    NO MINVALUE
    NO MAXVALUE
    CACHE 1
);


--
-- TOC entry 244 (class 1259 OID 75161)
-- Name: core_project; Type: TABLE; Schema: public; Owner: portfolio_user
--

CREATE TABLE public.core_project (
    id bigint NOT NULL,
    title character varying(200) NOT NULL,
    description text NOT NULL,
    tags character varying(500) NOT NULL,
    link character varying(200) NOT NULL,
    github character varying(200) NOT NULL,
    image character varying(100),
    clicks integer NOT NULL,
    content text NOT NULL,
    CONSTRAINT core_project_clicks_check CHECK ((clicks >= 0))
);


ALTER TABLE public.core_project OWNER TO portfolio_user;

--
-- TOC entry 243 (class 1259 OID 75160)
-- Name: core_project_id_seq; Type: SEQUENCE; Schema: public; Owner: portfolio_user
--

ALTER TABLE public.core_project ALTER COLUMN id ADD GENERATED BY DEFAULT AS IDENTITY (
    SEQUENCE NAME public.core_project_id_seq
    START WITH 1
    INCREMENT BY 1
    NO MINVALUE
    NO MAXVALUE
    CACHE 1
);


--
-- TOC entry 254 (class 1259 OID 75292)
-- Name: core_service; Type: TABLE; Schema: public; Owner: portfolio_user
--

CREATE TABLE public.core_service (
    id bigint NOT NULL,
    title character varying(200) NOT NULL,
    description text NOT NULL,
    icon character varying(50) NOT NULL
);


ALTER TABLE public.core_service OWNER TO portfolio_user;

--
-- TOC entry 253 (class 1259 OID 75291)
-- Name: core_service_id_seq; Type: SEQUENCE; Schema: public; Owner: portfolio_user
--

ALTER TABLE public.core_service ALTER COLUMN id ADD GENERATED BY DEFAULT AS IDENTITY (
    SEQUENCE NAME public.core_service_id_seq
    START WITH 1
    INCREMENT BY 1
    NO MINVALUE
    NO MAXVALUE
    CACHE 1
);


--
-- TOC entry 246 (class 1259 OID 75175)
-- Name: core_sitesettings; Type: TABLE; Schema: public; Owner: portfolio_user
--

CREATE TABLE public.core_sitesettings (
    id bigint NOT NULL,
    site_title character varying(200) NOT NULL,
    show_blog boolean NOT NULL,
    show_skills boolean NOT NULL,
    show_projects boolean NOT NULL,
    show_certificates boolean NOT NULL,
    maintenance_mode boolean NOT NULL,
    welcome_message text NOT NULL
);


ALTER TABLE public.core_sitesettings OWNER TO portfolio_user;

--
-- TOC entry 245 (class 1259 OID 75174)
-- Name: core_sitesettings_id_seq; Type: SEQUENCE; Schema: public; Owner: portfolio_user
--

ALTER TABLE public.core_sitesettings ALTER COLUMN id ADD GENERATED BY DEFAULT AS IDENTITY (
    SEQUENCE NAME public.core_sitesettings_id_seq
    START WITH 1
    INCREMENT BY 1
    NO MINVALUE
    NO MAXVALUE
    CACHE 1
);


--
-- TOC entry 248 (class 1259 OID 75191)
-- Name: core_skill; Type: TABLE; Schema: public; Owner: portfolio_user
--

CREATE TABLE public.core_skill (
    id bigint NOT NULL,
    name character varying(100) NOT NULL,
    level integer NOT NULL,
    category character varying(100) NOT NULL,
    icon character varying(50) NOT NULL,
    description text NOT NULL,
    color character varying(20) NOT NULL
);


ALTER TABLE public.core_skill OWNER TO portfolio_user;

--
-- TOC entry 247 (class 1259 OID 75190)
-- Name: core_skill_id_seq; Type: SEQUENCE; Schema: public; Owner: portfolio_user
--

ALTER TABLE public.core_skill ALTER COLUMN id ADD GENERATED BY DEFAULT AS IDENTITY (
    SEQUENCE NAME public.core_skill_id_seq
    START WITH 1
    INCREMENT BY 1
    NO MINVALUE
    NO MAXVALUE
    CACHE 1
);


--
-- TOC entry 250 (class 1259 OID 75206)
-- Name: core_sociallink; Type: TABLE; Schema: public; Owner: portfolio_user
--

CREATE TABLE public.core_sociallink (
    id bigint NOT NULL,
    name character varying(50) NOT NULL,
    url character varying(200) NOT NULL,
    profile_id bigint NOT NULL
);


ALTER TABLE public.core_sociallink OWNER TO portfolio_user;

--
-- TOC entry 249 (class 1259 OID 75205)
-- Name: core_sociallink_id_seq; Type: SEQUENCE; Schema: public; Owner: portfolio_user
--

ALTER TABLE public.core_sociallink ALTER COLUMN id ADD GENERATED BY DEFAULT AS IDENTITY (
    SEQUENCE NAME public.core_sociallink_id_seq
    START WITH 1
    INCREMENT BY 1
    NO MINVALUE
    NO MAXVALUE
    CACHE 1
);


--
-- TOC entry 256 (class 1259 OID 75304)
-- Name: core_tool; Type: TABLE; Schema: public; Owner: portfolio_user
--

CREATE TABLE public.core_tool (
    id bigint NOT NULL,
    name character varying(100) NOT NULL,
    icon character varying(50) NOT NULL
);


ALTER TABLE public.core_tool OWNER TO portfolio_user;

--
-- TOC entry 255 (class 1259 OID 75303)
-- Name: core_tool_id_seq; Type: SEQUENCE; Schema: public; Owner: portfolio_user
--

ALTER TABLE public.core_tool ALTER COLUMN id ADD GENERATED BY DEFAULT AS IDENTITY (
    SEQUENCE NAME public.core_tool_id_seq
    START WITH 1
    INCREMENT BY 1
    NO MINVALUE
    NO MAXVALUE
    CACHE 1
);


--
-- TOC entry 259 (class 1259 OID 83111)
-- Name: core_visitorcount; Type: TABLE; Schema: public; Owner: portfolio_user
--

CREATE TABLE public.core_visitorcount (
    id bigint NOT NULL,
    total_visitors integer NOT NULL,
    last_updated timestamp with time zone NOT NULL,
    CONSTRAINT core_visitorcount_total_visitors_check CHECK ((total_visitors >= 0))
);


ALTER TABLE public.core_visitorcount OWNER TO portfolio_user;

--
-- TOC entry 258 (class 1259 OID 83110)
-- Name: core_visitorcount_id_seq; Type: SEQUENCE; Schema: public; Owner: portfolio_user
--

ALTER TABLE public.core_visitorcount ALTER COLUMN id ADD GENERATED BY DEFAULT AS IDENTITY (
    SEQUENCE NAME public.core_visitorcount_id_seq
    START WITH 1
    INCREMENT BY 1
    NO MINVALUE
    NO MAXVALUE
    CACHE 1
);


--
-- TOC entry 236 (class 1259 OID 75063)
-- Name: django_admin_log; Type: TABLE; Schema: public; Owner: portfolio_user
--

CREATE TABLE public.django_admin_log (
    id integer NOT NULL,
    action_time timestamp with time zone NOT NULL,
    object_id text,
    object_repr character varying(200) NOT NULL,
    action_flag smallint NOT NULL,
    change_message text NOT NULL,
    content_type_id integer,
    user_id integer NOT NULL,
    CONSTRAINT django_admin_log_action_flag_check CHECK ((action_flag >= 0))
);


ALTER TABLE public.django_admin_log OWNER TO portfolio_user;

--
-- TOC entry 235 (class 1259 OID 75062)
-- Name: django_admin_log_id_seq; Type: SEQUENCE; Schema: public; Owner: portfolio_user
--

ALTER TABLE public.django_admin_log ALTER COLUMN id ADD GENERATED BY DEFAULT AS IDENTITY (
    SEQUENCE NAME public.django_admin_log_id_seq
    START WITH 1
    INCREMENT BY 1
    NO MINVALUE
    NO MAXVALUE
    CACHE 1
);


--
-- TOC entry 222 (class 1259 OID 74933)
-- Name: django_content_type; Type: TABLE; Schema: public; Owner: portfolio_user
--

CREATE TABLE public.django_content_type (
    id integer NOT NULL,
    app_label character varying(100) NOT NULL,
    model character varying(100) NOT NULL
);


ALTER TABLE public.django_content_type OWNER TO portfolio_user;

--
-- TOC entry 221 (class 1259 OID 74932)
-- Name: django_content_type_id_seq; Type: SEQUENCE; Schema: public; Owner: portfolio_user
--

ALTER TABLE public.django_content_type ALTER COLUMN id ADD GENERATED BY DEFAULT AS IDENTITY (
    SEQUENCE NAME public.django_content_type_id_seq
    START WITH 1
    INCREMENT BY 1
    NO MINVALUE
    NO MAXVALUE
    CACHE 1
);


--
-- TOC entry 220 (class 1259 OID 74921)
-- Name: django_migrations; Type: TABLE; Schema: public; Owner: portfolio_user
--

CREATE TABLE public.django_migrations (
    id bigint NOT NULL,
    app character varying(255) NOT NULL,
    name character varying(255) NOT NULL,
    applied timestamp with time zone NOT NULL
);


ALTER TABLE public.django_migrations OWNER TO portfolio_user;

--
-- TOC entry 219 (class 1259 OID 74920)
-- Name: django_migrations_id_seq; Type: SEQUENCE; Schema: public; Owner: portfolio_user
--

ALTER TABLE public.django_migrations ALTER COLUMN id ADD GENERATED BY DEFAULT AS IDENTITY (
    SEQUENCE NAME public.django_migrations_id_seq
    START WITH 1
    INCREMENT BY 1
    NO MINVALUE
    NO MAXVALUE
    CACHE 1
);


--
-- TOC entry 257 (class 1259 OID 75312)
-- Name: django_session; Type: TABLE; Schema: public; Owner: portfolio_user
--

CREATE TABLE public.django_session (
    session_key character varying(40) NOT NULL,
    session_data text NOT NULL,
    expire_date timestamp with time zone NOT NULL
);


ALTER TABLE public.django_session OWNER TO portfolio_user;

--
-- TOC entry 5202 (class 0 OID 74955)
-- Dependencies: 226
-- Data for Name: auth_group; Type: TABLE DATA; Schema: public; Owner: portfolio_user
--

COPY public.auth_group (id, name) FROM stdin;
\.


--
-- TOC entry 5204 (class 0 OID 74965)
-- Dependencies: 228
-- Data for Name: auth_group_permissions; Type: TABLE DATA; Schema: public; Owner: portfolio_user
--

COPY public.auth_group_permissions (id, group_id, permission_id) FROM stdin;
\.


--
-- TOC entry 5200 (class 0 OID 74945)
-- Dependencies: 224
-- Data for Name: auth_permission; Type: TABLE DATA; Schema: public; Owner: portfolio_user
--

COPY public.auth_permission (id, name, content_type_id, codename) FROM stdin;
1	Can add log entry	1	add_logentry
2	Can change log entry	1	change_logentry
3	Can delete log entry	1	delete_logentry
4	Can view log entry	1	view_logentry
5	Can add permission	3	add_permission
6	Can change permission	3	change_permission
7	Can delete permission	3	delete_permission
8	Can view permission	3	view_permission
9	Can add group	2	add_group
10	Can change group	2	change_group
11	Can delete group	2	delete_group
12	Can view group	2	view_group
13	Can add user	4	add_user
14	Can change user	4	change_user
15	Can delete user	4	delete_user
16	Can view user	4	view_user
17	Can add content type	5	add_contenttype
18	Can change content type	5	change_contenttype
19	Can delete content type	5	delete_contenttype
20	Can view content type	5	view_contenttype
21	Can add session	6	add_session
22	Can change session	6	change_session
23	Can delete session	6	delete_session
24	Can view session	6	view_session
25	Can add certificate	8	add_certificate
26	Can change certificate	8	change_certificate
27	Can delete certificate	8	delete_certificate
28	Can view certificate	8	view_certificate
29	Can add message	9	add_message
30	Can change message	9	change_message
31	Can delete message	9	delete_message
32	Can view message	9	view_message
33	Can add profile	10	add_profile
34	Can change profile	10	change_profile
35	Can delete profile	10	delete_profile
36	Can view profile	10	view_profile
37	Can add project	11	add_project
38	Can change project	11	change_project
39	Can delete project	11	delete_project
40	Can view project	11	view_project
41	Can add site settings	13	add_sitesettings
42	Can change site settings	13	change_sitesettings
43	Can delete site settings	13	delete_sitesettings
44	Can view site settings	13	view_sitesettings
45	Can add skill	14	add_skill
46	Can change skill	14	change_skill
47	Can delete skill	14	delete_skill
48	Can view skill	14	view_skill
49	Can add social link	15	add_sociallink
50	Can change social link	15	change_sociallink
51	Can delete social link	15	delete_sociallink
52	Can view social link	15	view_sociallink
53	Can add blog post	7	add_blogpost
54	Can change blog post	7	change_blogpost
55	Can delete blog post	7	delete_blogpost
56	Can view blog post	7	view_blogpost
57	Can add service	12	add_service
58	Can change service	12	change_service
59	Can delete service	12	delete_service
60	Can view service	12	view_service
61	Can add tool	16	add_tool
62	Can change tool	16	change_tool
63	Can delete tool	16	delete_tool
64	Can view tool	16	view_tool
65	Can add visitor count	17	add_visitorcount
66	Can change visitor count	17	change_visitorcount
67	Can delete visitor count	17	delete_visitorcount
68	Can view visitor count	17	view_visitorcount
69	Can add portfolio analytics	18	add_portfolioanalytics
70	Can change portfolio analytics	18	change_portfolioanalytics
71	Can delete portfolio analytics	18	delete_portfolioanalytics
72	Can view portfolio analytics	18	view_portfolioanalytics
\.


--
-- TOC entry 5206 (class 0 OID 74974)
-- Dependencies: 230
-- Data for Name: auth_user; Type: TABLE DATA; Schema: public; Owner: portfolio_user
--

COPY public.auth_user (id, password, last_login, is_superuser, username, first_name, last_name, email, is_staff, is_active, date_joined) FROM stdin;
1	pbkdf2_sha256$1200000$olQIAW09U8YzIy728TkZMH$wVJFNi/NTVA6dFV7BYxgc28ErppsrvVGS/kgD0lQ8U0=	2026-03-07 22:26:39.997364+05:30	t	portfolio			ashifek11@gmail.com	t	t	2026-03-06 11:20:39.92283+05:30
\.


--
-- TOC entry 5208 (class 0 OID 74993)
-- Dependencies: 232
-- Data for Name: auth_user_groups; Type: TABLE DATA; Schema: public; Owner: portfolio_user
--

COPY public.auth_user_groups (id, user_id, group_id) FROM stdin;
\.


--
-- TOC entry 5210 (class 0 OID 75002)
-- Dependencies: 234
-- Data for Name: auth_user_user_permissions; Type: TABLE DATA; Schema: public; Owner: portfolio_user
--

COPY public.auth_user_user_permissions (id, user_id, permission_id) FROM stdin;
\.


--
-- TOC entry 5228 (class 0 OID 75269)
-- Dependencies: 252
-- Data for Name: core_blogpost; Type: TABLE DATA; Schema: public; Owner: portfolio_user
--

COPY public.core_blogpost (id, title, slug, date, summary, content, image_url) FROM stdin;
5	Building Scalable Architecture with Django and React	scalable-architecture-django-react	2025-11-10	A deep dive into decoupling frontend and backend to create high-performance web applications that scale.	# Building Scalable Architecture...\n\n(Placeholder for technical article content...)	blog/scalable.png
6	Optimizing Next.js Performance: A Practical Guide	optimizing-nextjs-performance	2025-10-25	Techniques for reducing bundle size and improving Core Web Vitals in large-scale Next.js applications.	# Optimizing Next.js...	blog/performance.png
7	Getting Started with React: A Beginner's Guide	getting-started-with-react-beginners-guide	2026-03-06	Learn the fundamentals of React, including components, JSX, props, and state. This comprehensive guide will help you get started on your journey to mastering React development.	# Getting Started with React\r\n\r\nReact is a powerful JavaScript library for building user interfaces. In this article, we'll explore the key concepts that every React developer should understand.\r\n\r\n## What is React?\r\n\r\nReact is a JavaScript library maintained by Facebook that simplifies the process of building interactive user interfaces. It uses a component-based architecture to create reusable and maintainable code.\r\n\r\n## Key Concepts\r\n\r\n### Components\r\nComponents are the building blocks of any React application. They are reusable pieces of UI that encapsulate their own structure and behavior.\r\n\r\n### JSX\r\nJSX is a syntax extension that looks similar to HTML. It allows you to write UI code in a more readable and intuitive way.\r\n\r\n### Props\r\nProps are the way to pass data from parent to child components. They are read-only and help maintain unidirectional data flow.\r\n\r\n### State\r\nState allows components to manage their own data. Unlike props, state is mutable and can be updated over time.	
8	Django Best Practices for Production	django-best-practices-production	2026-03-06	Learn the essential best practices for deploying Django applications to production environments. This guide covers configuration, security, and performance optimization.	# Django Best Practices for Production\r\n\r\n## Environment Configuration\r\nAlways use environment variables for sensitive configuration like database credentials, API keys, and secret keys. Never hardcode these values in your source code.\r\n\r\n## Security Measures\r\n- Enable DEBUG = False in production\r\n- Use HTTPS everywhere\r\n- Set ALLOWED_HOSTS properly\r\n- Use Django's built-in security middleware\r\n- Keep Django and dependencies updated\r\n\r\n## Database Optimization\r\n- Use database indexing strategically\r\n- Monitor query performance with Django Debug Toolbar\r\n- Implement connection pooling\r\n- Use raw SQL only when necessary\r\n\r\n## Caching Strategy\r\nImplement caching at multiple levels to improve performance:\r\n- Browser caching\r\n- Server-side caching with Redis\r\n- Database query caching\r\n- View-level caching	
9	Advanced Redux Patterns and Middleware	advanced-redux-patterns-middleware	2026-03-06	Master advanced Redux patterns including middleware, sagas, and thunks. Learn how to manage complex state in large-scale applications effectively.	# Advanced Redux Patterns\r\n\r\n## Redux Middleware\r\nMiddleware functions are powerful tools for handling side effects in Redux applications. They sit between actions and reducers, allowing you to intercept and modify actions.\r\n\r\n## Redux Thunk\r\nRedux Thunk is a middleware that allows you to return functions from action creators instead of objects. This is useful for async operations.\r\n\r\n```javascript\r\nconst myAction = (param) => (dispatch) => {\r\n  dispatch(actionStart());\r\n  setTimeout(() => {\r\n    dispatch(actionSuccess(param));\r\n  }, 1000);\r\n};\r\n```\r\n\r\n## Redux Saga\r\nRedux Saga is an alternative middleware for handling side effects using generator functions. It provides more advanced control over asynchronous operations.\r\n\r\n## Best Practices\r\n- Keep actions pure and side-effect free\r\n- Use middleware for async operations\r\n- Structure your reducers properly\r\n- Use selector functions to access state	
10	Understanding React Hooks	understanding-react-hooks	2026-03-06	Master React Hooks to write functional components with state and side effects. This guide covers useState, useEffect, useContext, and custom hooks.	# React Hooks Guide\r\n\r\nReact Hooks allow you to use state and other React features without writing a class component. They are functions that let you "hook into" React state and lifecycle features from functional components.\r\n\r\n## Common Hooks\r\n\r\n### useState\r\nuseState is the most basic Hook. It lets you add state to functional components.\r\n\r\n### useEffect\r\nuseEffect is used for side effects in functional components. It runs after the component renders.\r\n\r\n### useContext\r\nuseContext allows you to subscribe to React context without introducing nesting.\r\n\r\n### useReducer\r\nuseReducer is a more complex alternative to useState for managing complex state logic.\r\n\r\n## Best Practices\r\n- Only use Hooks at the top level\r\n- Only use Hooks from React function components\r\n- Use the ESLint plugin to enforce these rules	
\.


--
-- TOC entry 5214 (class 0 OID 75120)
-- Dependencies: 238
-- Data for Name: core_certificate; Type: TABLE DATA; Schema: public; Owner: portfolio_user
--

COPY public.core_certificate (id, title, issuer, date, category, image, credential_link, description) FROM stdin;
10	Workshop Participation Certificate	Prosevo Technologies	14 October 2024	Workshop / Professional Development	certificates/prosevo.webp		Certificate awarded to Ashif E.K for successfully participating in a workshop conducted by Prosevo,\r\nRecognized for commendable enthusiasm and active engagement during the session.
9	Certified Cyber Security Analyst (CCSA)	Red Team Hacker Academy	2022	cybersecurity	certificates/ccsa.webp		Covered OSINT, web application security testing, vulnerability assessment, and SOC/SIEM fundamentals.
8	Python Django & Flutter Certification	Regional Technologies	2025	web development	certificates/django.webp		Hands-on training in Django backend development and Flutter mobile application development.
7	Bachelor of Computer Applications (BCA)	SAFA Arts & Science College	Aug 2022 – Apr 2025	degree / education			Completed undergraduate studies in computer applications focusing on software development and computing fundamentals.
\.


--
-- TOC entry 5216 (class 0 OID 75135)
-- Dependencies: 240
-- Data for Name: core_message; Type: TABLE DATA; Schema: public; Owner: portfolio_user
--

COPY public.core_message (id, name, email, message, date) FROM stdin;
1	ashif	ashifek11@gmail.com	dasf jg bn yug yio yoto iyooi hgjgj jhgbjk	2026-03-08 18:03:20.411807+05:30
2	Test User	test@example.com	Manual test for SMTP	2026-03-08 18:06:50.458132+05:30
3	Ashif E.K	ashifek11@gmail.com	ashif ashif	2026-03-08 18:07:34.164638+05:30
4	Verification User	verify@example.com	Final verification message	2026-03-08 18:19:15.51796+05:30
5	hello	thenameisashif291345@gmail.com	hqijdhcq qiudhqiudh jhbdhqbdhqdhqbd	2026-03-08 18:20:38.889101+05:30
\.


--
-- TOC entry 5237 (class 0 OID 83126)
-- Dependencies: 261
-- Data for Name: core_portfolioanalytics; Type: TABLE DATA; Schema: public; Owner: portfolio_user
--

COPY public.core_portfolioanalytics (id, total_views) FROM stdin;
1	31
\.


--
-- TOC entry 5218 (class 0 OID 75148)
-- Dependencies: 242
-- Data for Name: core_profile; Type: TABLE DATA; Schema: public; Owner: portfolio_user
--

COPY public.core_profile (id, name, title, description, email, avatar, experience, introduction, philosophy) FROM stdin;
3	Ashif E.K	Full Stack Engineer	I build high-performance web applications enabling businesses to scale. Specializing in React, Django, and Modern Cloud Architecture, I transform complex requirements into seamless digital experiences.	ashifek11@gmail.com		With a strong foundation in Computer Science, I have successfully delivered projects ranging from e-commerce platforms to complex governance systems. I have hands-on experience with the modern web stack including Next.js, Django, and Cloud Infrastructure. My work emphasizes performance optimization, security best practices, and intuitive user experience design.	I am a results-driven Software Engineer with a passion for building robust, scalable web solutions. My journey began with a curiosity for how things work, which quickly evolved into a career in full-stack development. I focus on writing clean, maintainable code and solving real-world business problems.	I believe that technology should be invisible—it should work so smoothly that users focus on their goals, not the tools. My approach combines rigorous engineering principles with creative problem-solving to deliver software that is not just functional, but exceptional.
\.


--
-- TOC entry 5220 (class 0 OID 75161)
-- Dependencies: 244
-- Data for Name: core_project; Type: TABLE DATA; Schema: public; Owner: portfolio_user
--

COPY public.core_project (id, title, description, tags, link, github, image, clicks, content) FROM stdin;
13	Salary Checker	Salary Reality Checker delivers AI-powered salary insights using percentile analytics, fuzzy-matched job titles, and machine-learning predictions. It auto-corrects user input, analyzes market trends, and predicts salaries when data is missing. Built with FastAPI, PostgreSQL, scikit-learn.	FastAPI, PostgreSQL, Machine Learning, AI, Salary Analytics	https://ashif-ek.github.io/docs-stack-material/	https://github.com/ashif-ek/salary-checker		2	
11	Civic (CiviTech) - Cross-Platform Digital Governance Platform	Developed a multi-role civic platform connecting citizens with Panchayath and higher administrative authorities, enabling complaint escalation, service tracking, announcements, moderation, analytics, and citizen engagement.	Django, Flutter, REST API, RBAC, PostgreSQL				2	
12	Blog System Design Sandbox	Built a full-stack blogging system to experiment with production backend patterns including JWT access/refresh tokens, request validation, structured logging, health checks, and Dockerized deployment.	React, Django REST Framework, Docker, GitHub Actions, AWS				1	
14	TimeLens	Time Lens reframes real minutes into life-equivalents, helping you feel the true weight of time. A mindset tool that turns seconds into life-hours, minutes into life-days, and days into life-years.	Python, Productivity, Mindset Tool, Time Management	https://ashif-ek.github.io/docs-stack-material/	https://github.com/ashif-ek/time-lens-python		1	
10	NOIR'EL - Luxury E-Commerce Platform	Built a full-stack e-commerce platform using React and Django REST Framework covering the complete order lifecycle from browsing to secure payment confirmation. Implemented JWT authentication, admin controls, and payment workflows using Razorpay.	React, Django REST Framework, PostgreSQL, Razorpay, AWS	https://noirel-perfume.vercel.app/	https://github.com/ashif-ek/noirel-ecommerce		3	
\.


--
-- TOC entry 5230 (class 0 OID 75292)
-- Dependencies: 254
-- Data for Name: core_service; Type: TABLE DATA; Schema: public; Owner: portfolio_user
--

COPY public.core_service (id, title, description, icon) FROM stdin;
10	MVP Development	Rapid prototyping and development of Minimum Viable Products for startups. Launch your idea quickly with a solid, scalable foundation.	RocketIcon
11	API Design & Integration	Building secure and scalable RESTful APIs. Integration of third-party services like payment gateways (Stripe), authentication (OAuth), and cloud storage.	ServerIcon
12	Performance Optimization	Auditing and optimizing existing applications for speed, accessibility, and SEO. Implementing caching strategies and code splitting.	LightningIcon
13	Backend API Development	Secure REST APIs using Django REST Framework with authentication and scalable architecture.	code
14	Full Stack Web Development	Building responsive web platforms using React, Django, and PostgreSQL.	layers
15	Cloud Deployment	Deploying production-ready applications using Docker, AWS EC2, and CI/CD pipelines.	cloud
\.


--
-- TOC entry 5222 (class 0 OID 75175)
-- Dependencies: 246
-- Data for Name: core_sitesettings; Type: TABLE DATA; Schema: public; Owner: portfolio_user
--

COPY public.core_sitesettings (id, site_title, show_blog, show_skills, show_projects, show_certificates, maintenance_mode, welcome_message) FROM stdin;
1	Ashif's Portfolio	t	t	t	t	f	
\.


--
-- TOC entry 5224 (class 0 OID 75191)
-- Dependencies: 248
-- Data for Name: core_skill; Type: TABLE DATA; Schema: public; Owner: portfolio_user
--

COPY public.core_skill (id, name, level, category, icon, description, color) FROM stdin;
19	Django REST Framework	90	Technology		Designing secure, modular REST APIs for production-grade backend systems.	
20	React.js	90	Technology		Building responsive frontend applications with reusable components and API-driven architecture.	
21	PostgreSQL	75	Technology		Modeling relational data and optimizing queries for scalable backend performance.	
22	Docker	75	DevOps		Containerizing services for environment parity across development and production.	
23	AWS (EC2, RDS, S3)	50	Cloud Platform		Amazon Web Services for cloud computing and infrastructure	
24	MySQL	75	Database		Relational database management system	
25	Redis	85	Caching		In-memory data structure store for caching	
26	Docker Compose	80	DevOps		Tool for defining and running multi-container Docker applications	
27	REST APIs	90	Backend Development		Representational State Transfer APIs for client-server communication	
28	GraphQL	75	Backend Development		Query language for APIs with strong typing and schema definition	
29	Production Reliability	80	DevOps		Ensuring systems remain operational and stable in production environments	
\.


--
-- TOC entry 5226 (class 0 OID 75206)
-- Dependencies: 250
-- Data for Name: core_sociallink; Type: TABLE DATA; Schema: public; Owner: portfolio_user
--

COPY public.core_sociallink (id, name, url, profile_id) FROM stdin;
6	Github	https://github.com/ashif-ek	3
7	LinkedIn	https://linkedin.com/in/ashifek	3
8	Instagram	https://instagram.com/ashif.io	3
9	Fiverr	http://www.fiverr.com/s/gDLy45X	3
10	Docs Material	https://ashif-ek.github.io/docs-stack-material/	3
\.


--
-- TOC entry 5232 (class 0 OID 75304)
-- Dependencies: 256
-- Data for Name: core_tool; Type: TABLE DATA; Schema: public; Owner: portfolio_user
--

COPY public.core_tool (id, name, icon) FROM stdin;
13	VS Code	CodeIcon
14	PostgreSQL	DatabaseIcon
15	Docker	DockerIcon
16	Git & GitHub	GitIcon
17	Figma	FigmaIcon
18	Postman	PostmanIcon
\.


--
-- TOC entry 5235 (class 0 OID 83111)
-- Dependencies: 259
-- Data for Name: core_visitorcount; Type: TABLE DATA; Schema: public; Owner: portfolio_user
--

COPY public.core_visitorcount (id, total_visitors, last_updated) FROM stdin;
1	2	2026-03-08 17:02:25.033657+05:30
\.


--
-- TOC entry 5212 (class 0 OID 75063)
-- Dependencies: 236
-- Data for Name: django_admin_log; Type: TABLE DATA; Schema: public; Owner: portfolio_user
--

COPY public.django_admin_log (id, action_time, object_id, object_repr, action_flag, change_message, content_type_id, user_id) FROM stdin;
1	2026-03-07 00:24:50.476189+05:30	7	Getting Started with React: A Beginner's Guide	1	[{"added": {}}]	7	1
2	2026-03-07 00:25:30.997106+05:30	8	Django Best Practices for Production	1	[{"added": {}}]	7	1
3	2026-03-07 00:27:02.062036+05:30	9	Advanced Redux Patterns and Middleware	1	[{"added": {}}]	7	1
4	2026-03-07 00:28:00.136372+05:30	10	Understanding React Hooks	1	[{"added": {}}]	7	1
5	2026-03-07 00:29:03.956366+05:30	6	Full Stack Development Certification	3		8	1
6	2026-03-07 00:31:27.072016+05:30	10	NOIR'EL - Luxury E-Commerce Platform	1	[{"added": {}}]	11	1
7	2026-03-07 00:32:05.198061+05:30	11	Civic (CiviTech) - Cross-Platform Digital Governance Platform	1	[{"added": {}}]	11	1
8	2026-03-07 00:32:40.602117+05:30	12	Blog System Design Sandbox	1	[{"added": {}}]	11	1
9	2026-03-07 00:34:46.371988+05:30	7	Bachelor of Computer Applications (BCA)	1	[{"added": {}}]	8	1
10	2026-03-07 00:35:38.81425+05:30	8	Python Django & Flutter Certification	1	[{"added": {}}]	8	1
11	2026-03-07 00:36:25.509934+05:30	9	Certified Cyber Security Analyst (CCSA)	1	[{"added": {}}]	8	1
12	2026-03-07 00:39:00.709483+05:30	3	Ashif E.K	2	[]	10	1
13	2026-03-07 00:39:50.409879+05:30	18	Flutter	3		14	1
14	2026-03-07 00:39:50.409925+05:30	17	DevOps & Cloud	3		14	1
15	2026-03-07 00:39:50.409944+05:30	16	Database Design	3		14	1
16	2026-03-07 00:39:50.40996+05:30	15	TypeScript	3		14	1
17	2026-03-07 00:39:50.409975+05:30	14	React & Next.js	3		14	1
18	2026-03-07 00:39:50.409989+05:30	13	Django & Python	3		14	1
19	2026-03-07 00:40:28.034382+05:30	13	Backend API Development	1	[{"added": {}}]	12	1
20	2026-03-07 00:41:55.955317+05:30	14	Full Stack Web Development	1	[{"added": {}}]	12	1
21	2026-03-07 00:44:18.802562+05:30	15	Cloud Deployment	1	[{"added": {}}]	12	1
22	2026-03-07 00:45:50.362684+05:30	19	Django REST Framework	1	[{"added": {}}]	14	1
23	2026-03-07 00:48:28.485387+05:30	20	React.js	1	[{"added": {}}]	14	1
24	2026-03-07 12:33:36.465149+05:30	21	PostgreSQL	1	[{"added": {}}]	14	1
25	2026-03-07 12:34:40.705816+05:30	22	Docker	1	[{"added": {}}]	14	1
26	2026-03-07 12:36:40.500447+05:30	23	AWS (EC2, RDS, S3)	1	[{"added": {}}]	14	1
27	2026-03-07 12:37:18.359524+05:30	24	MySQL	1	[{"added": {}}]	14	1
28	2026-03-07 12:37:53.39393+05:30	25	Redis	1	[{"added": {}}]	14	1
29	2026-03-07 12:38:28.716999+05:30	26	Docker Compose	1	[{"added": {}}]	14	1
30	2026-03-07 12:39:02.479797+05:30	27	REST APIs	1	[{"added": {}}]	14	1
31	2026-03-07 12:40:01.17442+05:30	28	GraphQL	1	[{"added": {}}]	14	1
32	2026-03-07 12:40:42.264024+05:30	29	Production Reliability	1	[{"added": {}}]	14	1
33	2026-03-07 12:45:23.896361+05:30	9	Minimalist CMS Blog	3		11	1
34	2026-03-07 12:45:23.896403+05:30	8	CivicConnect Governance	3		11	1
35	2026-03-07 12:45:23.896418+05:30	7	Noirel Luxury Ecommerce	3		11	1
36	2026-03-07 12:46:52.862035+05:30	5	Bachelor of Computer Applications	3		8	1
37	2026-03-07 22:27:31.901255+05:30	9	Full-Stack Web Development	3		12	1
38	2026-03-08 17:15:45.459002+05:30	13	Salary Checker	1	[{"added": {}}]	11	1
39	2026-03-08 17:16:50.478881+05:30	14	TimeLens	1	[{"added": {}}]	11	1
40	2026-03-08 21:27:10.611531+05:30	9	Certified Cyber Security Analyst (CCSA)	2	[{"changed": {"fields": ["Image"]}}]	8	1
41	2026-03-08 21:27:27.980896+05:30	8	Python Django & Flutter Certification	2	[{"changed": {"fields": ["Image"]}}]	8	1
42	2026-03-08 21:34:20.653325+05:30	10	Workshop Participation Certificate	1	[{"added": {}}]	8	1
43	2026-03-08 21:42:24.108338+05:30	9	Certified Cyber Security Analyst (CCSA)	2	[{"changed": {"fields": ["Category"]}}]	8	1
44	2026-03-08 21:42:49.729341+05:30	8	Python Django & Flutter Certification	2	[{"changed": {"fields": ["Category"]}}]	8	1
45	2026-03-08 21:43:17.934406+05:30	7	Bachelor of Computer Applications (BCA)	2	[{"changed": {"fields": ["Category"]}}]	8	1
\.


--
-- TOC entry 5198 (class 0 OID 74933)
-- Dependencies: 222
-- Data for Name: django_content_type; Type: TABLE DATA; Schema: public; Owner: portfolio_user
--

COPY public.django_content_type (id, app_label, model) FROM stdin;
1	admin	logentry
2	auth	group
3	auth	permission
4	auth	user
5	contenttypes	contenttype
6	sessions	session
7	core	blogpost
8	core	certificate
9	core	message
10	core	profile
11	core	project
12	core	service
13	core	sitesettings
14	core	skill
15	core	sociallink
16	core	tool
17	core	visitorcount
18	core	portfolioanalytics
\.


--
-- TOC entry 5196 (class 0 OID 74921)
-- Dependencies: 220
-- Data for Name: django_migrations; Type: TABLE DATA; Schema: public; Owner: portfolio_user
--

COPY public.django_migrations (id, app, name, applied) FROM stdin;
1	contenttypes	0001_initial	2026-03-05 20:45:18.389606+05:30
2	auth	0001_initial	2026-03-05 20:45:18.507965+05:30
3	admin	0001_initial	2026-03-05 20:45:18.539478+05:30
4	admin	0002_logentry_remove_auto_add	2026-03-05 20:45:18.547972+05:30
5	admin	0003_logentry_add_action_flag_choices	2026-03-05 20:45:18.559307+05:30
6	contenttypes	0002_remove_content_type_name	2026-03-05 20:45:18.57983+05:30
7	auth	0002_alter_permission_name_max_length	2026-03-05 20:45:18.59086+05:30
8	auth	0003_alter_user_email_max_length	2026-03-05 20:45:18.601594+05:30
9	auth	0004_alter_user_username_opts	2026-03-05 20:45:18.610754+05:30
10	auth	0005_alter_user_last_login_null	2026-03-05 20:45:18.621581+05:30
11	auth	0006_require_contenttypes_0002	2026-03-05 20:45:18.62337+05:30
12	auth	0007_alter_validators_add_error_messages	2026-03-05 20:45:18.635979+05:30
13	auth	0008_alter_user_username_max_length	2026-03-05 20:45:18.649022+05:30
14	auth	0009_alter_user_last_name_max_length	2026-03-05 20:45:18.660165+05:30
15	auth	0010_alter_group_name_max_length	2026-03-05 20:45:18.671268+05:30
16	auth	0011_update_proxy_permissions	2026-03-05 20:45:18.698331+05:30
17	auth	0012_alter_user_first_name_max_length	2026-03-05 20:45:18.709204+05:30
18	core	0001_initial	2026-03-05 20:45:18.787375+05:30
19	core	0002_engineeringnote_delete_blogpost_and_more	2026-03-05 20:45:18.861579+05:30
20	core	0003_blogpost_delete_engineeringnote_and_more	2026-03-05 20:45:18.960175+05:30
21	core	0004_service_tool	2026-03-05 20:45:18.980439+05:30
22	sessions	0001_initial	2026-03-05 20:45:19.004634+05:30
23	core	0005_visitorcount_project_clicks	2026-03-08 17:00:23.427258+05:30
24	core	0006_project_content_alter_project_description	2026-03-08 17:33:19.926154+05:30
25	core	0007_portfolioanalytics	2026-03-08 17:38:32.196405+05:30
\.


--
-- TOC entry 5233 (class 0 OID 75312)
-- Dependencies: 257
-- Data for Name: django_session; Type: TABLE DATA; Schema: public; Owner: portfolio_user
--

COPY public.django_session (session_key, session_data, expire_date) FROM stdin;
rzwlhie6icy1mudugvyazhrjwlszwjef	.eJxVjEEKwyAQAP-y5yIadSU59t43yOq6NW0xEJNT6d9LIIf2OjPMGyLtW417L2ucGSYwcPllifKztEPwg9p9UXlp2zondSTqtF3dFi6v69n-DSr1ChNoKYV0GDkFTI6TF-EhY2BBN2YXyGqPxnqtSQitBE1Ijotn48NgET5fBUk4Kw:1vya9n:WnB5jmmj97YNGazYsWl3NgN9FkrwmmaOnNCiOwZT1ho	2026-03-21 00:14:15.680152+05:30
88jcjixzl5x8ds9ac6p8w0goiggxanjg	.eJxVjEEKwyAQAP-y5yIadSU59t43yOq6NW0xEJNT6d9LIIf2OjPMGyLtW417L2ucGSYwcPllifKztEPwg9p9UXlp2zondSTqtF3dFi6v69n-DSr1ChNoKYV0GDkFTI6TF-EhY2BBN2YXyGqPxnqtSQitBE1Ijotn48NgET5fBUk4Kw:1vyuxE:LOUP4NKY1Te2Tu1OuykwSLAE6P5L98xVO4Wuj-Lxeu0	2026-03-21 22:26:40.006504+05:30
\.


--
-- TOC entry 5243 (class 0 OID 0)
-- Dependencies: 225
-- Name: auth_group_id_seq; Type: SEQUENCE SET; Schema: public; Owner: portfolio_user
--

SELECT pg_catalog.setval('public.auth_group_id_seq', 1, false);


--
-- TOC entry 5244 (class 0 OID 0)
-- Dependencies: 227
-- Name: auth_group_permissions_id_seq; Type: SEQUENCE SET; Schema: public; Owner: portfolio_user
--

SELECT pg_catalog.setval('public.auth_group_permissions_id_seq', 1, false);


--
-- TOC entry 5245 (class 0 OID 0)
-- Dependencies: 223
-- Name: auth_permission_id_seq; Type: SEQUENCE SET; Schema: public; Owner: portfolio_user
--

SELECT pg_catalog.setval('public.auth_permission_id_seq', 72, true);


--
-- TOC entry 5246 (class 0 OID 0)
-- Dependencies: 231
-- Name: auth_user_groups_id_seq; Type: SEQUENCE SET; Schema: public; Owner: portfolio_user
--

SELECT pg_catalog.setval('public.auth_user_groups_id_seq', 1, false);


--
-- TOC entry 5247 (class 0 OID 0)
-- Dependencies: 229
-- Name: auth_user_id_seq; Type: SEQUENCE SET; Schema: public; Owner: portfolio_user
--

SELECT pg_catalog.setval('public.auth_user_id_seq', 1, true);


--
-- TOC entry 5248 (class 0 OID 0)
-- Dependencies: 233
-- Name: auth_user_user_permissions_id_seq; Type: SEQUENCE SET; Schema: public; Owner: portfolio_user
--

SELECT pg_catalog.setval('public.auth_user_user_permissions_id_seq', 1, false);


--
-- TOC entry 5249 (class 0 OID 0)
-- Dependencies: 251
-- Name: core_blogpost_id_seq; Type: SEQUENCE SET; Schema: public; Owner: portfolio_user
--

SELECT pg_catalog.setval('public.core_blogpost_id_seq', 10, true);


--
-- TOC entry 5250 (class 0 OID 0)
-- Dependencies: 237
-- Name: core_certificate_id_seq; Type: SEQUENCE SET; Schema: public; Owner: portfolio_user
--

SELECT pg_catalog.setval('public.core_certificate_id_seq', 10, true);


--
-- TOC entry 5251 (class 0 OID 0)
-- Dependencies: 239
-- Name: core_message_id_seq; Type: SEQUENCE SET; Schema: public; Owner: portfolio_user
--

SELECT pg_catalog.setval('public.core_message_id_seq', 5, true);


--
-- TOC entry 5252 (class 0 OID 0)
-- Dependencies: 260
-- Name: core_portfolioanalytics_id_seq; Type: SEQUENCE SET; Schema: public; Owner: portfolio_user
--

SELECT pg_catalog.setval('public.core_portfolioanalytics_id_seq', 1, false);


--
-- TOC entry 5253 (class 0 OID 0)
-- Dependencies: 241
-- Name: core_profile_id_seq; Type: SEQUENCE SET; Schema: public; Owner: portfolio_user
--

SELECT pg_catalog.setval('public.core_profile_id_seq', 3, true);


--
-- TOC entry 5254 (class 0 OID 0)
-- Dependencies: 243
-- Name: core_project_id_seq; Type: SEQUENCE SET; Schema: public; Owner: portfolio_user
--

SELECT pg_catalog.setval('public.core_project_id_seq', 14, true);


--
-- TOC entry 5255 (class 0 OID 0)
-- Dependencies: 253
-- Name: core_service_id_seq; Type: SEQUENCE SET; Schema: public; Owner: portfolio_user
--

SELECT pg_catalog.setval('public.core_service_id_seq', 15, true);


--
-- TOC entry 5256 (class 0 OID 0)
-- Dependencies: 245
-- Name: core_sitesettings_id_seq; Type: SEQUENCE SET; Schema: public; Owner: portfolio_user
--

SELECT pg_catalog.setval('public.core_sitesettings_id_seq', 1, true);


--
-- TOC entry 5257 (class 0 OID 0)
-- Dependencies: 247
-- Name: core_skill_id_seq; Type: SEQUENCE SET; Schema: public; Owner: portfolio_user
--

SELECT pg_catalog.setval('public.core_skill_id_seq', 29, true);


--
-- TOC entry 5258 (class 0 OID 0)
-- Dependencies: 249
-- Name: core_sociallink_id_seq; Type: SEQUENCE SET; Schema: public; Owner: portfolio_user
--

SELECT pg_catalog.setval('public.core_sociallink_id_seq', 10, true);


--
-- TOC entry 5259 (class 0 OID 0)
-- Dependencies: 255
-- Name: core_tool_id_seq; Type: SEQUENCE SET; Schema: public; Owner: portfolio_user
--

SELECT pg_catalog.setval('public.core_tool_id_seq', 18, true);


--
-- TOC entry 5260 (class 0 OID 0)
-- Dependencies: 258
-- Name: core_visitorcount_id_seq; Type: SEQUENCE SET; Schema: public; Owner: portfolio_user
--

SELECT pg_catalog.setval('public.core_visitorcount_id_seq', 1, false);


--
-- TOC entry 5261 (class 0 OID 0)
-- Dependencies: 235
-- Name: django_admin_log_id_seq; Type: SEQUENCE SET; Schema: public; Owner: portfolio_user
--

SELECT pg_catalog.setval('public.django_admin_log_id_seq', 45, true);


--
-- TOC entry 5262 (class 0 OID 0)
-- Dependencies: 221
-- Name: django_content_type_id_seq; Type: SEQUENCE SET; Schema: public; Owner: portfolio_user
--

SELECT pg_catalog.setval('public.django_content_type_id_seq', 18, true);


--
-- TOC entry 5263 (class 0 OID 0)
-- Dependencies: 219
-- Name: django_migrations_id_seq; Type: SEQUENCE SET; Schema: public; Owner: portfolio_user
--

SELECT pg_catalog.setval('public.django_migrations_id_seq', 25, true);


--
-- TOC entry 4976 (class 2606 OID 75099)
-- Name: auth_group auth_group_name_key; Type: CONSTRAINT; Schema: public; Owner: portfolio_user
--

ALTER TABLE ONLY public.auth_group
    ADD CONSTRAINT auth_group_name_key UNIQUE (name);


--
-- TOC entry 4981 (class 2606 OID 75020)
-- Name: auth_group_permissions auth_group_permissions_group_id_permission_id_0cd325b0_uniq; Type: CONSTRAINT; Schema: public; Owner: portfolio_user
--

ALTER TABLE ONLY public.auth_group_permissions
    ADD CONSTRAINT auth_group_permissions_group_id_permission_id_0cd325b0_uniq UNIQUE (group_id, permission_id);


--
-- TOC entry 4984 (class 2606 OID 74972)
-- Name: auth_group_permissions auth_group_permissions_pkey; Type: CONSTRAINT; Schema: public; Owner: portfolio_user
--

ALTER TABLE ONLY public.auth_group_permissions
    ADD CONSTRAINT auth_group_permissions_pkey PRIMARY KEY (id);


--
-- TOC entry 4978 (class 2606 OID 74961)
-- Name: auth_group auth_group_pkey; Type: CONSTRAINT; Schema: public; Owner: portfolio_user
--

ALTER TABLE ONLY public.auth_group
    ADD CONSTRAINT auth_group_pkey PRIMARY KEY (id);


--
-- TOC entry 4971 (class 2606 OID 75011)
-- Name: auth_permission auth_permission_content_type_id_codename_01ab375a_uniq; Type: CONSTRAINT; Schema: public; Owner: portfolio_user
--

ALTER TABLE ONLY public.auth_permission
    ADD CONSTRAINT auth_permission_content_type_id_codename_01ab375a_uniq UNIQUE (content_type_id, codename);


--
-- TOC entry 4973 (class 2606 OID 74953)
-- Name: auth_permission auth_permission_pkey; Type: CONSTRAINT; Schema: public; Owner: portfolio_user
--

ALTER TABLE ONLY public.auth_permission
    ADD CONSTRAINT auth_permission_pkey PRIMARY KEY (id);


--
-- TOC entry 4992 (class 2606 OID 75000)
-- Name: auth_user_groups auth_user_groups_pkey; Type: CONSTRAINT; Schema: public; Owner: portfolio_user
--

ALTER TABLE ONLY public.auth_user_groups
    ADD CONSTRAINT auth_user_groups_pkey PRIMARY KEY (id);


--
-- TOC entry 4995 (class 2606 OID 75035)
-- Name: auth_user_groups auth_user_groups_user_id_group_id_94350c0c_uniq; Type: CONSTRAINT; Schema: public; Owner: portfolio_user
--

ALTER TABLE ONLY public.auth_user_groups
    ADD CONSTRAINT auth_user_groups_user_id_group_id_94350c0c_uniq UNIQUE (user_id, group_id);


--
-- TOC entry 4986 (class 2606 OID 74989)
-- Name: auth_user auth_user_pkey; Type: CONSTRAINT; Schema: public; Owner: portfolio_user
--

ALTER TABLE ONLY public.auth_user
    ADD CONSTRAINT auth_user_pkey PRIMARY KEY (id);


--
-- TOC entry 4998 (class 2606 OID 75009)
-- Name: auth_user_user_permissions auth_user_user_permissions_pkey; Type: CONSTRAINT; Schema: public; Owner: portfolio_user
--

ALTER TABLE ONLY public.auth_user_user_permissions
    ADD CONSTRAINT auth_user_user_permissions_pkey PRIMARY KEY (id);


--
-- TOC entry 5001 (class 2606 OID 75049)
-- Name: auth_user_user_permissions auth_user_user_permissions_user_id_permission_id_14a6b632_uniq; Type: CONSTRAINT; Schema: public; Owner: portfolio_user
--

ALTER TABLE ONLY public.auth_user_user_permissions
    ADD CONSTRAINT auth_user_user_permissions_user_id_permission_id_14a6b632_uniq UNIQUE (user_id, permission_id);


--
-- TOC entry 4989 (class 2606 OID 75092)
-- Name: auth_user auth_user_username_key; Type: CONSTRAINT; Schema: public; Owner: portfolio_user
--

ALTER TABLE ONLY public.auth_user
    ADD CONSTRAINT auth_user_username_key UNIQUE (username);


--
-- TOC entry 5022 (class 2606 OID 75281)
-- Name: core_blogpost core_blogpost_pkey; Type: CONSTRAINT; Schema: public; Owner: portfolio_user
--

ALTER TABLE ONLY public.core_blogpost
    ADD CONSTRAINT core_blogpost_pkey PRIMARY KEY (id);


--
-- TOC entry 5025 (class 2606 OID 75283)
-- Name: core_blogpost core_blogpost_slug_key; Type: CONSTRAINT; Schema: public; Owner: portfolio_user
--

ALTER TABLE ONLY public.core_blogpost
    ADD CONSTRAINT core_blogpost_slug_key UNIQUE (slug);


--
-- TOC entry 5007 (class 2606 OID 75133)
-- Name: core_certificate core_certificate_pkey; Type: CONSTRAINT; Schema: public; Owner: portfolio_user
--

ALTER TABLE ONLY public.core_certificate
    ADD CONSTRAINT core_certificate_pkey PRIMARY KEY (id);


--
-- TOC entry 5009 (class 2606 OID 75146)
-- Name: core_message core_message_pkey; Type: CONSTRAINT; Schema: public; Owner: portfolio_user
--

ALTER TABLE ONLY public.core_message
    ADD CONSTRAINT core_message_pkey PRIMARY KEY (id);


--
-- TOC entry 5037 (class 2606 OID 83132)
-- Name: core_portfolioanalytics core_portfolioanalytics_pkey; Type: CONSTRAINT; Schema: public; Owner: portfolio_user
--

ALTER TABLE ONLY public.core_portfolioanalytics
    ADD CONSTRAINT core_portfolioanalytics_pkey PRIMARY KEY (id);


--
-- TOC entry 5011 (class 2606 OID 75159)
-- Name: core_profile core_profile_pkey; Type: CONSTRAINT; Schema: public; Owner: portfolio_user
--

ALTER TABLE ONLY public.core_profile
    ADD CONSTRAINT core_profile_pkey PRIMARY KEY (id);


--
-- TOC entry 5013 (class 2606 OID 75173)
-- Name: core_project core_project_pkey; Type: CONSTRAINT; Schema: public; Owner: portfolio_user
--

ALTER TABLE ONLY public.core_project
    ADD CONSTRAINT core_project_pkey PRIMARY KEY (id);


--
-- TOC entry 5027 (class 2606 OID 75302)
-- Name: core_service core_service_pkey; Type: CONSTRAINT; Schema: public; Owner: portfolio_user
--

ALTER TABLE ONLY public.core_service
    ADD CONSTRAINT core_service_pkey PRIMARY KEY (id);


--
-- TOC entry 5015 (class 2606 OID 75189)
-- Name: core_sitesettings core_sitesettings_pkey; Type: CONSTRAINT; Schema: public; Owner: portfolio_user
--

ALTER TABLE ONLY public.core_sitesettings
    ADD CONSTRAINT core_sitesettings_pkey PRIMARY KEY (id);


--
-- TOC entry 5017 (class 2606 OID 75204)
-- Name: core_skill core_skill_pkey; Type: CONSTRAINT; Schema: public; Owner: portfolio_user
--

ALTER TABLE ONLY public.core_skill
    ADD CONSTRAINT core_skill_pkey PRIMARY KEY (id);


--
-- TOC entry 5019 (class 2606 OID 75214)
-- Name: core_sociallink core_sociallink_pkey; Type: CONSTRAINT; Schema: public; Owner: portfolio_user
--

ALTER TABLE ONLY public.core_sociallink
    ADD CONSTRAINT core_sociallink_pkey PRIMARY KEY (id);


--
-- TOC entry 5029 (class 2606 OID 75311)
-- Name: core_tool core_tool_pkey; Type: CONSTRAINT; Schema: public; Owner: portfolio_user
--

ALTER TABLE ONLY public.core_tool
    ADD CONSTRAINT core_tool_pkey PRIMARY KEY (id);


--
-- TOC entry 5035 (class 2606 OID 83119)
-- Name: core_visitorcount core_visitorcount_pkey; Type: CONSTRAINT; Schema: public; Owner: portfolio_user
--

ALTER TABLE ONLY public.core_visitorcount
    ADD CONSTRAINT core_visitorcount_pkey PRIMARY KEY (id);


--
-- TOC entry 5004 (class 2606 OID 75076)
-- Name: django_admin_log django_admin_log_pkey; Type: CONSTRAINT; Schema: public; Owner: portfolio_user
--

ALTER TABLE ONLY public.django_admin_log
    ADD CONSTRAINT django_admin_log_pkey PRIMARY KEY (id);


--
-- TOC entry 4966 (class 2606 OID 74943)
-- Name: django_content_type django_content_type_app_label_model_76bd3d3b_uniq; Type: CONSTRAINT; Schema: public; Owner: portfolio_user
--

ALTER TABLE ONLY public.django_content_type
    ADD CONSTRAINT django_content_type_app_label_model_76bd3d3b_uniq UNIQUE (app_label, model);


--
-- TOC entry 4968 (class 2606 OID 74941)
-- Name: django_content_type django_content_type_pkey; Type: CONSTRAINT; Schema: public; Owner: portfolio_user
--

ALTER TABLE ONLY public.django_content_type
    ADD CONSTRAINT django_content_type_pkey PRIMARY KEY (id);


--
-- TOC entry 4964 (class 2606 OID 74931)
-- Name: django_migrations django_migrations_pkey; Type: CONSTRAINT; Schema: public; Owner: portfolio_user
--

ALTER TABLE ONLY public.django_migrations
    ADD CONSTRAINT django_migrations_pkey PRIMARY KEY (id);


--
-- TOC entry 5032 (class 2606 OID 75321)
-- Name: django_session django_session_pkey; Type: CONSTRAINT; Schema: public; Owner: portfolio_user
--

ALTER TABLE ONLY public.django_session
    ADD CONSTRAINT django_session_pkey PRIMARY KEY (session_key);


--
-- TOC entry 4974 (class 1259 OID 75100)
-- Name: auth_group_name_a6ea08ec_like; Type: INDEX; Schema: public; Owner: portfolio_user
--

CREATE INDEX auth_group_name_a6ea08ec_like ON public.auth_group USING btree (name varchar_pattern_ops);


--
-- TOC entry 4979 (class 1259 OID 75031)
-- Name: auth_group_permissions_group_id_b120cbf9; Type: INDEX; Schema: public; Owner: portfolio_user
--

CREATE INDEX auth_group_permissions_group_id_b120cbf9 ON public.auth_group_permissions USING btree (group_id);


--
-- TOC entry 4982 (class 1259 OID 75032)
-- Name: auth_group_permissions_permission_id_84c5c92e; Type: INDEX; Schema: public; Owner: portfolio_user
--

CREATE INDEX auth_group_permissions_permission_id_84c5c92e ON public.auth_group_permissions USING btree (permission_id);


--
-- TOC entry 4969 (class 1259 OID 75017)
-- Name: auth_permission_content_type_id_2f476e4b; Type: INDEX; Schema: public; Owner: portfolio_user
--

CREATE INDEX auth_permission_content_type_id_2f476e4b ON public.auth_permission USING btree (content_type_id);


--
-- TOC entry 4990 (class 1259 OID 75047)
-- Name: auth_user_groups_group_id_97559544; Type: INDEX; Schema: public; Owner: portfolio_user
--

CREATE INDEX auth_user_groups_group_id_97559544 ON public.auth_user_groups USING btree (group_id);


--
-- TOC entry 4993 (class 1259 OID 75046)
-- Name: auth_user_groups_user_id_6a12ed8b; Type: INDEX; Schema: public; Owner: portfolio_user
--

CREATE INDEX auth_user_groups_user_id_6a12ed8b ON public.auth_user_groups USING btree (user_id);


--
-- TOC entry 4996 (class 1259 OID 75061)
-- Name: auth_user_user_permissions_permission_id_1fbb5f2c; Type: INDEX; Schema: public; Owner: portfolio_user
--

CREATE INDEX auth_user_user_permissions_permission_id_1fbb5f2c ON public.auth_user_user_permissions USING btree (permission_id);


--
-- TOC entry 4999 (class 1259 OID 75060)
-- Name: auth_user_user_permissions_user_id_a95ead1b; Type: INDEX; Schema: public; Owner: portfolio_user
--

CREATE INDEX auth_user_user_permissions_user_id_a95ead1b ON public.auth_user_user_permissions USING btree (user_id);


--
-- TOC entry 4987 (class 1259 OID 75093)
-- Name: auth_user_username_6821ab7c_like; Type: INDEX; Schema: public; Owner: portfolio_user
--

CREATE INDEX auth_user_username_6821ab7c_like ON public.auth_user USING btree (username varchar_pattern_ops);


--
-- TOC entry 5023 (class 1259 OID 75290)
-- Name: core_blogpost_slug_8c9d3e74_like; Type: INDEX; Schema: public; Owner: portfolio_user
--

CREATE INDEX core_blogpost_slug_8c9d3e74_like ON public.core_blogpost USING btree (slug varchar_pattern_ops);


--
-- TOC entry 5020 (class 1259 OID 75221)
-- Name: core_sociallink_profile_id_4fbb1f0e; Type: INDEX; Schema: public; Owner: portfolio_user
--

CREATE INDEX core_sociallink_profile_id_4fbb1f0e ON public.core_sociallink USING btree (profile_id);


--
-- TOC entry 5002 (class 1259 OID 75087)
-- Name: django_admin_log_content_type_id_c4bce8eb; Type: INDEX; Schema: public; Owner: portfolio_user
--

CREATE INDEX django_admin_log_content_type_id_c4bce8eb ON public.django_admin_log USING btree (content_type_id);


--
-- TOC entry 5005 (class 1259 OID 75088)
-- Name: django_admin_log_user_id_c564eba6; Type: INDEX; Schema: public; Owner: portfolio_user
--

CREATE INDEX django_admin_log_user_id_c564eba6 ON public.django_admin_log USING btree (user_id);


--
-- TOC entry 5030 (class 1259 OID 75323)
-- Name: django_session_expire_date_a5c62663; Type: INDEX; Schema: public; Owner: portfolio_user
--

CREATE INDEX django_session_expire_date_a5c62663 ON public.django_session USING btree (expire_date);


--
-- TOC entry 5033 (class 1259 OID 75322)
-- Name: django_session_session_key_c0390e0f_like; Type: INDEX; Schema: public; Owner: portfolio_user
--

CREATE INDEX django_session_session_key_c0390e0f_like ON public.django_session USING btree (session_key varchar_pattern_ops);


--
-- TOC entry 5039 (class 2606 OID 75026)
-- Name: auth_group_permissions auth_group_permissio_permission_id_84c5c92e_fk_auth_perm; Type: FK CONSTRAINT; Schema: public; Owner: portfolio_user
--

ALTER TABLE ONLY public.auth_group_permissions
    ADD CONSTRAINT auth_group_permissio_permission_id_84c5c92e_fk_auth_perm FOREIGN KEY (permission_id) REFERENCES public.auth_permission(id) DEFERRABLE INITIALLY DEFERRED;


--
-- TOC entry 5040 (class 2606 OID 75021)
-- Name: auth_group_permissions auth_group_permissions_group_id_b120cbf9_fk_auth_group_id; Type: FK CONSTRAINT; Schema: public; Owner: portfolio_user
--

ALTER TABLE ONLY public.auth_group_permissions
    ADD CONSTRAINT auth_group_permissions_group_id_b120cbf9_fk_auth_group_id FOREIGN KEY (group_id) REFERENCES public.auth_group(id) DEFERRABLE INITIALLY DEFERRED;


--
-- TOC entry 5038 (class 2606 OID 75012)
-- Name: auth_permission auth_permission_content_type_id_2f476e4b_fk_django_co; Type: FK CONSTRAINT; Schema: public; Owner: portfolio_user
--

ALTER TABLE ONLY public.auth_permission
    ADD CONSTRAINT auth_permission_content_type_id_2f476e4b_fk_django_co FOREIGN KEY (content_type_id) REFERENCES public.django_content_type(id) DEFERRABLE INITIALLY DEFERRED;


--
-- TOC entry 5041 (class 2606 OID 75041)
-- Name: auth_user_groups auth_user_groups_group_id_97559544_fk_auth_group_id; Type: FK CONSTRAINT; Schema: public; Owner: portfolio_user
--

ALTER TABLE ONLY public.auth_user_groups
    ADD CONSTRAINT auth_user_groups_group_id_97559544_fk_auth_group_id FOREIGN KEY (group_id) REFERENCES public.auth_group(id) DEFERRABLE INITIALLY DEFERRED;


--
-- TOC entry 5042 (class 2606 OID 75036)
-- Name: auth_user_groups auth_user_groups_user_id_6a12ed8b_fk_auth_user_id; Type: FK CONSTRAINT; Schema: public; Owner: portfolio_user
--

ALTER TABLE ONLY public.auth_user_groups
    ADD CONSTRAINT auth_user_groups_user_id_6a12ed8b_fk_auth_user_id FOREIGN KEY (user_id) REFERENCES public.auth_user(id) DEFERRABLE INITIALLY DEFERRED;


--
-- TOC entry 5043 (class 2606 OID 75055)
-- Name: auth_user_user_permissions auth_user_user_permi_permission_id_1fbb5f2c_fk_auth_perm; Type: FK CONSTRAINT; Schema: public; Owner: portfolio_user
--

ALTER TABLE ONLY public.auth_user_user_permissions
    ADD CONSTRAINT auth_user_user_permi_permission_id_1fbb5f2c_fk_auth_perm FOREIGN KEY (permission_id) REFERENCES public.auth_permission(id) DEFERRABLE INITIALLY DEFERRED;


--
-- TOC entry 5044 (class 2606 OID 75050)
-- Name: auth_user_user_permissions auth_user_user_permissions_user_id_a95ead1b_fk_auth_user_id; Type: FK CONSTRAINT; Schema: public; Owner: portfolio_user
--

ALTER TABLE ONLY public.auth_user_user_permissions
    ADD CONSTRAINT auth_user_user_permissions_user_id_a95ead1b_fk_auth_user_id FOREIGN KEY (user_id) REFERENCES public.auth_user(id) DEFERRABLE INITIALLY DEFERRED;


--
-- TOC entry 5047 (class 2606 OID 75216)
-- Name: core_sociallink core_sociallink_profile_id_4fbb1f0e_fk_core_profile_id; Type: FK CONSTRAINT; Schema: public; Owner: portfolio_user
--

ALTER TABLE ONLY public.core_sociallink
    ADD CONSTRAINT core_sociallink_profile_id_4fbb1f0e_fk_core_profile_id FOREIGN KEY (profile_id) REFERENCES public.core_profile(id) DEFERRABLE INITIALLY DEFERRED;


--
-- TOC entry 5045 (class 2606 OID 75077)
-- Name: django_admin_log django_admin_log_content_type_id_c4bce8eb_fk_django_co; Type: FK CONSTRAINT; Schema: public; Owner: portfolio_user
--

ALTER TABLE ONLY public.django_admin_log
    ADD CONSTRAINT django_admin_log_content_type_id_c4bce8eb_fk_django_co FOREIGN KEY (content_type_id) REFERENCES public.django_content_type(id) DEFERRABLE INITIALLY DEFERRED;


--
-- TOC entry 5046 (class 2606 OID 75082)
-- Name: django_admin_log django_admin_log_user_id_c564eba6_fk_auth_user_id; Type: FK CONSTRAINT; Schema: public; Owner: portfolio_user
--

ALTER TABLE ONLY public.django_admin_log
    ADD CONSTRAINT django_admin_log_user_id_c564eba6_fk_auth_user_id FOREIGN KEY (user_id) REFERENCES public.auth_user(id) DEFERRABLE INITIALLY DEFERRED;


-- Completed on 2026-03-09 10:40:05

--
-- PostgreSQL database dump complete
--

\unrestrict J0Q3bl5iJrVGdHcAN1X0kB7QKt2UB6zsUGFahIfLadDV3v9y94X8QY7I8R7kRRG

